BallNo,CellName,NetName,SubstrateName,BallName,Power,Pull RES,Function1,Type1,Function2,Type2,Function3,Type3,Function4,Type4,WPUS_SE,DriveStrength,DSDefault,AtReset,AfterReset,Sleep,SleepWith
1,SPSCBC2_8X_HL,RFSDA0,RFSDA0,RFSDA0,VIO_4,"1.8v,4.7K/20K",RFSDA0,I/O/T,,,,,GPIO30,I/O/T,,2/4/6/8,4,,"ie=1, oe=0, wpdo, fun_sel=3",ie=oe=0,ALL|CP2|CP1|CP0|AP
1,SPSCBC2_8X_HL,RFSCK0,RFSCK0,RFSCK0,VIO_4,"1.8v,4.7K/20K",RFSCK0,O/T,,,,,GPIO31,I/O/T,,2/4/6/8,4,,"ie=1, oe=0, wpdo, fun_sel=3",ie=oe=0,ALL|CP2|CP1|CP0|AP
1,SPSCBC2_8X_HL,RFSEN0,RFSEN0,RFSEN0,VIO_4,"1.8v,4.7K/20K",RFSEN0,O/T,,,,,GPIO32,I/O/T,,2/4/6/8,4,,"ie=1, oe=0, wpu, fun_sel=3",ie=oe=0,ALL|CP2|CP1|CP0|AP
1,SPSCBC2_8X_HL,RFSDA1,RFSDA1,RFSDA1,VIO_4,"1.8V,4.7K/20K",RFSDA1,I/O/T,,,,,GPIO33,I/O/T,,2/4/6/8,4,,"ie=1, oe=0, wpdo, fun_sel=3",ie=oe=0,ALL|CP2|CP1|CP0|AP
1,SPSCBC2_8X_HL,RFSCK1,RFSCK1,RFSCK1,VIO_4,"1.8V,4.7K/20K",RFSCK1,O/T,,,,,GPIO34,I/O/T,,2/4/6/8,4,,"ie=1, oe=0, wpdo, fun_sel=3",ie=oe=0,ALL|CP2|CP1|CP0|AP
1,SPSCBC2_8X_HL,RFSEN1,RFSEN1,RFSEN1,VIO_4,"1.8V,4.7K/20K",RFSEN1,O/T,,,,,GPIO35,I/O/T,,2/4/6/8,4,,"ie=1, oe=0, wpu, fun_sel=3",ie=oe=0,ALL|CP2|CP1|CP0|AP
1,SPSCBC2_8X_HL,CP1_RFCTL[0],CP1_RFCTL[0],CP1_RFCTL0,VIO_4,"1.8V,4.7K/20K",CP1_RFCTL0,O,,,,,GPIO36,I/O/T,,2/4/6/8,4,,"ie=1, oe=0, wpdo, fun_sel=3",ie=oe=0,ALL|CP2|CP1|CP0|AP
1,SPSCBC2_8X_HL,CP1_RFCTL[1],CP1_RFCTL[1],CP1_RFCTL1,VIO_4,"1.8V,4.7K/20K",CP1_RFCTL1,O,,,,,GPIO37,I/O/T,,2/4/6/8,4,,"ie=1, oe=0, wpdo, fun_sel=3",ie=oe=0,ALL|CP2|CP1|CP0|AP
1,SPSCBC2_8X_HL,CP1_RFCTL[2],CP1_RFCTL[2],CP1_RFCTL2,VIO_4,"1.8V,4.7K/20K",CP1_RFCTL2,O,,,,,GPIO38,I/O/T,,2/4/6/8,4,,"ie=1, oe=0, wpdo, fun_sel=3",ie=oe=0,ALL|CP2|CP1|CP0|AP
1,SPSCBC2_8X_HL,CP1_RFCTL[3],CP1_RFCTL[3],CP1_RFCTL3,VIO_4,"1.8V,4.7K/20K",CP1_RFCTL3,O,PWMA,O,,,GPIO39,I/O/T,,2/4/6/8,4,,"ie=1, oe=0, wpdo, fun_sel=3",ie=oe=0,ALL|CP2|CP1|CP0|AP
1,SPSCBC2_8X_HL,CP1_RFCTL[4],CP1_RFCTL[4],CP1_RFCTL4,VIO_4,"1.8V,4.7K/20K",CP1_RFCTL4,O,PWMB,O,,,GPIO40,I/O/T,,2/4/6/8,4,,"ie=1, oe=0, wpdo, fun_sel=3",ie=oe=0,ALL|CP2|CP1|CP0|AP
1,SPSCBC2_8X_HL,CP1_RFCTL[5],CP1_RFCTL[5],CP1_RFCTL5,VIO_4,"1.8V,4.7K/20K",CP1_RFCTL5,O,,,,,GPIO41,I/O/T,,2/4/6/8,4,,"ie=1, oe=0, wpdo, fun_sel=3",ie=oe=0,ALL|CP2|CP1|CP0|AP
1,SPSCBC2_8X_HL,CP1_RFCTL[6],CP1_RFCTL[6],CP1_RFCTL6,VIO_4,"1.8V,4.7K/20K",CP1_RFCTL6,O,PWMC,O,,,GPIO42,I/O/T,,2/4/6/8,4,,"ie=1, oe=0, wpdo, fun_sel=3",ie=oe=0,ALL|CP2|CP1|CP0|AP
1,SPSCBC2_8X_HL,CP1_RFCTL[7],CP1_RFCTL[7],CP1_RFCTL7,VIO_4,"1.8V,4.7K/20K",CP1_RFCTL7,O,,,,,GPIO43,I/O/T,,2/4/6/8,4,,"ie=1, oe=0, wpdo, fun_sel=3",ie=oe=0,ALL|CP2|CP1|CP0|AP
1,SPSCBC2_8X_HL,CP1_RFCTL[8],CP1_RFCTL[8],CP1_RFCTL8,VIO_4,"1.8v,4.7K/20K",CP1_RFCTL8,O,CP0_RFCTL8,O,,,GPIO44,I/O/T,,2/4/6/8,4,,"ie=1, oe=0, wpdo, fun_sel=3",ie=oe=0,ALL|CP2|CP1|CP0|AP
1,SPSCBC2_8X_HL,CP1_RFCTL[9],CP1_RFCTL[9],CP1_RFCTL9,VIO_4,"1.8v,4.7K/20K",CP1_RFCTL9,O,CP0_RFCTL9,O,PWMD,O,GPIO45,I/O/T,,2/4/6/8,4,,"ie=1, oe=0, wpdo, fun_sel=3",ie=oe=0,ALL|CP2|CP1|CP0|AP
1,SPSCBC2_8X_HL,CP1_RFCTL[10],CP1_RFCTL[10],CP1_RFCTL10,VIO_4,"1.8v,4.7K/20K",CP1_RFCTL10,O,CP0_RFCTL10,O,,,GPIO46,I/O/T,,2/4/6/8,4,,"ie=1, oe=0, wpdo, fun_sel=3",ie=oe=0,ALL|CP2|CP1|CP0|AP
1,SPSCBC2_8X_HL,CP1_RFCTL[11],CP1_RFCTL[11],CP1_RFCTL11,VIO_4,"1.8v,4.7K/20K",CP1_RFCTL11,O,CP0_RFCTL11,O,,,GPIO47,I/O/T,,2/4/6/8,4,,"ie=1, oe=0, wpdo, fun_sel=3",ie=oe=0,ALL|CP2|CP1|CP0|AP
1,SPSCBC2_8X_HL,CP1_RFCTL[12],CP1_RFCTL[12],CP1_RFCTL12,VIO_4,"1.8v,4.7K/20K",CP1_RFCTL12,O,CP0_RFCTL12,O,MIPI_CLK0,O/T,GPIO48,I/O/T,,2/4/6/8,4,,"ie=1, oe=0, wpdo, fun_sel=3",ie=oe=0,ALL|CP2|CP1|CP0|AP
1,SPSCBC2_8X_HL,CP1_RFCTL[13],CP1_RFCTL[13],CP1_RFCTL13,VIO_4,"1.8v,4.7K/20K",CP1_RFCTL13,O,CP0_RFCTL13,O,MIPI_DATA0,I/O/T,GPIO49,I/O/T,,2/4/6/8,4,,"ie=1, oe=0, wpdo, fun_sel=3",ie=oe=0,ALL|CP2|CP1|CP0|AP
1,SPSCBC2_8X_HL,CP1_RFCTL[14],CP1_RFCTL[14],CP1_RFCTL14,VIO_4,"1.8v,4.7K/20K",CP1_RFCTL14,O,CP0_RFCTL14,O,MIPI_CLK1,O/T,GPIO50,I/O/T,,2/4/6/8,4,,"ie=1, oe=0, wpdo, fun_sel=3",ie=oe=0,ALL|CP2|CP1|CP0|AP
1,SPSCBC2_8X_HL,CP1_RFCTL[15],CP1_RFCTL[15],CP1_RFCTL15,VIO_4,"1.8v,4.7K/20K",CP1_RFCTL15,O,CP0_RFCTL15,O,MIPI_DATA1,I/O/T,GPIO51,I/O/T,,2/4/6/8,4,,"ie=1, oe=0, wpdo, fun_sel=3",ie=oe=0,ALL|CP2|CP1|CP0|AP
1,SPSCBC2_8X_HL,CP0_RFCTL[0],CP0_RFCTL[0],CP0_RFCTL0,VIO_4,"1.8v,4.7K/20K",CP0_RFCTL0,O,CP1_RFCTL0,O,,,GPIO52,I/O/T,,2/4/6/8,4,,"ie=1, oe=0, wpdo, fun_sel=3",ie=oe=0,ALL|CP2|CP1|CP0|AP
1,SPSCBC2_8X_HL,CP0_RFCTL[1],CP0_RFCTL[1],CP0_RFCTL1,VIO_4,"1.8v,4.7K/20K",CP0_RFCTL1,O,CP1_RFCTL1,O,PWMD,O,GPIO53,I/O/T,,2/4/6/8,4,,"ie=1, oe=0, wpdo, fun_sel=3",ie=oe=0,ALL|CP2|CP1|CP0|AP
1,SPSCBC2_8X_HL,CP0_RFCTL[2],CP0_RFCTL[2],CP0_RFCTL2,VIO_4,"1.8v,4.7K/20K",CP0_RFCTL2,O,CP1_RFCTL2,O,,,GPIO54,I/O/T,,2/4/6/8,4,,"ie=1, oe=0, wpdo, fun_sel=3",ie=oe=0,ALL|CP2|CP1|CP0|AP
1,SPSCBC2_8X_HL,CP0_RFCTL[3],CP0_RFCTL[3],CP0_RFCTL3,VIO_4,"1.8v,4.7K/20K",CP0_RFCTL3,O,CP1_RFCTL3,O,,,GPIO55,I/O/T,,2/4/6/8,4,,"ie=1, oe=0, wpdo, fun_sel=3",ie=oe=0,ALL|CP2|CP1|CP0|AP
1,SPSCBC2_8X_HL,CP0_RFCTL[4],CP0_RFCTL[4],CP0_RFCTL4,VIO_4,"1.8v,4.7K/20K",CP0_RFCTL4,O,CP1_RFCTL4,O,,,GPIO56,I/O/T,,2/4/6/8,4,,"ie=1, oe=0, wpdo, fun_sel=3",ie=oe=0,ALL|CP2|CP1|CP0|AP
1,SPSCBC2_8X_HL,CP0_RFCTL[5],CP0_RFCTL[5],CP0_RFCTL5,VIO_4,"1.8v,4.7K/20K",CP0_RFCTL5,O,CP1_RFCTL5,O,,,GPIO57,I/O/T,,2/4/6/8,4,,"ie=1, oe=0, wpdo, fun_sel=3",ie=oe=0,ALL|CP2|CP1|CP0|AP
1,SPSCBC2_8X_HL,CP0_RFCTL[6],CP0_RFCTL[6],CP0_RFCTL6,VIO_4,"1.8v,4.7K/20K",CP0_RFCTL6,O,CP1_RFCTL6,O,,,GPIO58,I/O/T,,2/4/6/8,4,,"ie=1, oe=0, wpdo, fun_sel=3",ie=oe=0,ALL|CP2|CP1|CP0|AP
1,SPSCBC2_8X_HL,CP0_RFCTL[7],CP0_RFCTL[7],CP0_RFCTL7,VIO_4,"1.8v,4.7K/20K",CP0_RFCTL7,O,CP1_RFCTL7,O,,,GPIO59,I/O/T,,2/4/6/8,4,,"ie=1, oe=0, wpdo, fun_sel=3",ie=oe=0,ALL|CP2|CP1|CP0|AP
1,SPSCBC2_8X_HL,XTLEN,XTLEN,XTLEN,VIO_4,"1.8v,4.7K/20K",XTLEN,O,RFSEN0_1,O/T,,,GPIO60,I/O/T,,2/4/6/8,4,"ie=0, oe=1, 0","ie=0, oe=1, 1","ie=0, oe=1, 0",ALL|CP2|CP1|CP0|AP
1,SPSCBC2_8X_HL,SPI0_CSN,SPI0_CSN,SPI0_CSN,VIO_3,"1.8v,4.7K/20K",SPI0_CSN,I/O/T,,,,,GPIO67,I/O/T,,2/4/6/8,4,,"ie=1, oe=0, wpu, fun_sel=3","ie=1, oe=0,wpu",ALL|CP2|CP1|CP0|AP
1,SPSCBC2_8X_HL,SPI0_DO,SPI0_DO,SPI0_DO,VIO_3,"1.8v,4.7K/20K",SPI0_DO,I/O/T,,,,,GPIO68,I/O/T,,2/4/6/8,4,,"ie=1, oe=0, wpdo, fun_sel=3","ie=1, oe=0,wpu",ALL|CP2|CP1|CP0|AP
1,SPSCBC2_8X_HL,SPI0_DI,SPI0_DI,SPI0_DI,VIO_3,"1.8v,4.7K/20K",SPI0_DI,I,,,,,GPIO69,I/O/T,,2/4/6/8,4,,"ie=1, oe=0, wpdo, fun_sel=3","ie=1, oe=0,wpu",ALL|CP2|CP1|CP0|AP
1,SPSCBC2_8X_HL,SPI0_CLK,SPI0_CLK,SPI0_CLK,VIO_3,"1.8v,4.7K/20K",SPI0_CLK,I/O/T,,,,,GPIO70,I/O/T,,2/4/6/8,4,,"ie=1, oe=0, wpdo, fun_sel=3","ie=1, oe=0,wpdo",ALL|CP2|CP1|CP0|AP
1,SPSCBC2_8X_HL,EXTINT0,EXTINT0,EXTINT0,VIO_3,"1.8v,4.7K/20K",EXTINT0,I,WDRST,O,CP0_DSP_GPO10,O,GPIO71,I/O/T,,2/4/6/8,4,,"ie=1, oe=0, wpdo, fun_sel=3",ie=oe=0,ALL|CP2|CP1|CP0|AP
1,SPSCBC2_8X_HL,EXTINT1,EXTINT1,EXTINT1,VIO_3,"1.8v,4.7K/20K",EXTINT1,I,USB_DRVVBUS,O,,,GPIO72,I/O/T,,2/4/6/8,4,,"ie=1, oe=0, wpdo, fun_sel=3",ie=oe=0,ALL|CP2|CP1|CP0|AP
1,SPPDWUWSWCDG_H,SCL1,SCL1,SCL1,VIO_2_1,1.8K/4.7K/20K,SCL1,I/O/T,,,,,GPIO73,I/O/T,wpus,4/6/8/10/12/14/16/18/20/22/24/26/28/30/32/34,6,,"ie=1, oe=0, wpu, fun_sel=3",ie=oe=0,ALL|CP2|CP1|CP0|AP
1,SPPDWUWSWCDG_H,SDA1,SDA1,SDA1,VIO_2_1,1.8K/4.7K/20K,SDA1,I/O/T,,,,,GPIO74,I/O/T,wpus,4/6/8/10/12/14/16/18/20/22/24/26/28/30/32/34,6,,"ie=1, oe=0, wpu, fun_sel=3",ie=oe=0,ALL|CP2|CP1|CP0|AP
1,SPPDWUWSWCDG_H,SCL3,SCL3,SCL3,VIO_2_1,1.8K/4.7K/20K,SCL3,I/O/T,U4TXD(G1),O,EXT_XTLEN0,I,GPIO65,I/O/T,wpus,4/6/8/10/12/14/16/18/20/22/24/26/28/30/32/34,6,,"ie=1, oe=0, wpu, fun_sel=3",ie=oe=0,ALL|CP2|CP1|CP0|AP
1,SPPDWUWSWCDG_H,SDA3,SDA3,SDA3,VIO_2_1,1.8K/4.7K/20K,SDA3,I/O/T,U4RXD(G1),I,EXT_XTLEN1,I,GPIO66,I/O/T,wpus,4/6/8/10/12/14/16/18/20/22/24/26/28/30/32/34,6,,"ie=1, oe=0, wpu, fun_sel=3",ie=oe=0,ALL|CP2|CP1|CP0|AP
1,SPPDWUWSWCDG_H,SIMCLK0,SIMCLK0,SIMCLK0,VSIM0,1.8K/4.7K/20K,SIMCLK0,O,,,,,GPIO75,I/O/T,,4/6/8/10/12/14/16/18/20/22/24/26/28/30/32/34,6,,"ie=1, oe=0, wpdo, fun_sel=3",ie=oe=0,ALL|CP2|CP1|CP0|AP
1,SPPDWUWSWCDG_H,SIMDA0,SIMDA0,SIMDA0,VSIM0,1.8K/4.7K/20K,SIMDA0,I/O/T,,,,,GPIO76,I/O/T,"wpus,se",4/6/8/10/12/14/16/18/20/22/24/26/28/30/32/34,6,,"ie=1, oe=0, wpdo, fun_sel=3",ie=oe=0,ALL|CP2|CP1|CP0|AP
1,SPPDWUWSWCDG_H,SIMRST0,SIMRST0,SIMRST0,VSIM0,1.8K/4.7K/20K,SIMRST0,O,,,,,GPIO77,I/O/T,,4/6/8/10/12/14/16/18/20/22/24/26/28/30/32/34,6,,"ie=1, oe=0, wpdo, fun_sel=3",ie=oe=0,ALL|CP2|CP1|CP0|AP
1,SPPDWUWSWCDG_H,SIMCLK1,SIMCLK1,SIMCLK1,VSIM1,1.8K/4.7K/20K,SIMCLK1,O,,,,,GPIO78,I/O/T,,4/6/8/10/12/14/16/18/20/22/24/26/28/30/32/34,6,,"ie=1, oe=0, wpdo, fun_sel=3",ie=oe=0,ALL|CP2|CP1|CP0|AP
1,SPPDWUWSWCDG_H,SIMDA1,SIMDA1,SIMDA1,VSIM1,1.8K/4.7K/20K,SIMDA1,I/O/T,,,,,GPIO79,I/O/T,"wpus,se",4/6/8/10/12/14/16/18/20/22/24/26/28/30/32/34,6,,"ie=1, oe=0, wpdo, fun_sel=3",ie=oe=0,ALL|CP2|CP1|CP0|AP
1,SPPDWUWSWCDG_H,SIMRST1,SIMRST1,SIMRST1,VSIM1,1.8K/4.7K/20K,SIMRST1,O,,,,,GPIO80,I/O/T,,4/6/8/10/12/14/16/18/20/22/24/26/28/30/32/34,6,,"ie=1, oe=0, wpdo, fun_sel=3",ie=oe=0,ALL|CP2|CP1|CP0|AP
1,SPPDWUWSWCDG_H,SIMCLK2,SIMCLK2,SIMCLK2,VSIM2,1.8K/4.7K/20K,SIMCLK2,O,SCL4,I/O/T,U0TXD(G1),O,GPIO81,I/O/T,,4/6/8/10/12/14/16/18/20/22/24/26/28/30/32/34,6,,"ie=1, oe=0, wpdo, fun_sel=3",ie=oe=0,ALL|CP2|CP1|CP0|AP
1,SPPDWUWSWCDG_H,SIMDA2,SIMDA2,SIMDA2,VSIM2,1.8K/4.7K/20K,SIMDA2,I/O/T,SDA4,I/O/T,U0RXD(G1),I,GPIO82,I/O/T,"wpus,se",4/6/8/10/12/14/16/18/20/22/24/26/28/30/32/34,6,,"ie=1, oe=0, wpdo, fun_sel=3",ie=oe=0,ALL|CP2|CP1|CP0|AP
1,SPPDWUWSWCDG_H,SIMRST2,SIMRST2,SIMRST2,VSIM2,1.8K/4.7K/20K,SIMRST2,O,CLK_AUX1,O,,,GPIO83,I/O/T,,4/6/8/10/12/14/16/18/20/22/24/26/28/30/32/34,6,,"ie=1, oe=0, wpdo, fun_sel=3",ie=oe=0,ALL|CP2|CP1|CP0|AP
1,SPPDWUWSWCDG_H,SD1_CLK,SD1_CLK,SD1_CLK,VSD1,1.8K/4.7K/20K,SD1_CLK,I/O/T,SPI1_CLK(G1),I/O/T,WIFI_AGC_GAIN2,O,GPIO88,I/O/T,,4/6/8/10/12/14/16/18/20/22/24/26/28/30/32/34,6,,"ie=1, oe=0, wpdo, fun_sel=3",ie=oe=0,ALL|CP2|CP1|CP0|AP
1,SPPDWUWSWCDG_H,SD1_CMD,SD1_CMD,SD1_CMD,VSD1,1.8K/4.7K/20K,SD1_CMD,I/O/T,SPI1_DI(G1),I,WB_EN_A,O,GPIO89,I/O/T,wpus,4/6/8/10/12/14/16/18/20/22/24/26/28/30/32/34,6,,"ie=1, oe=0, wpdo, fun_sel=3",ie=oe=0,ALL|CP2|CP1|CP0|AP
1,SPPDWUWSWCDG_H,SD1_D[0],SD1_D[0],SD1_D0,VSD1,1.8K/4.7K/20K,SD1_D0,I/O/T,SPI1_DO(G1),I/O/T,WB_EN_B,O,GPIO90,I/O/T,,4/6/8/10/12/14/16/18/20/22/24/26/28/30/32/34,6,,"ie=1, oe=0, wpdo, fun_sel=3",ie=oe=0,ALL|CP2|CP1|CP0|AP
1,SPPDWUWSWCDG_H,SD1_D[1],SD1_D[1],SD1_D1,VSD1,1.8K/4.7K/20K,SD1_D1,I/O/T,SPI1_CSN(G1),I/O/T,GPS_REAL,I,GPIO91,I/O/T,,4/6/8/10/12/14/16/18/20/22/24/26/28/30/32/34,6,,"ie=1, oe=0, wpdo, fun_sel=3",ie=oe=0,ALL|CP2|CP1|CP0|AP
1,SPPDWUWSWCDG_H,SD1_D[2],SD1_D[2],SD1_D2,VSD1,1.8K/4.7K/20K,SD1_D2,I/O/T,,,GPS_IMAG,I,GPIO92,I/O/T,,4/6/8/10/12/14/16/18/20/22/24/26/28/30/32/34,6,,"ie=1, oe=0, wpdo, fun_sel=3",ie=oe=0,ALL|CP2|CP1|CP0|AP
1,SPPDWUWSWCDG_H,SD1_D[3],SD1_D[3],SD1_D3,VSD1,1.8K/4.7K/20K,SD1_D3,I/O/T,,,GPS_CLK,I,GPIO93,I/O/T,,4/6/8/10/12/14/16/18/20/22/24/26/28/30/32/34,6,,"ie=1, oe=0, wpdo, fun_sel=3",ie=oe=0,ALL|CP2|CP1|CP0|AP
1,SPPDWUWSWCDG_V,SD0_D[3],SD0_D[3],SD0_D3,VSD,1.8K/4.7K/20K,SD0_D3,I/O/T,,,,,GPIO100,I/O/T,,4/6/8/10/12/14/16/18/20/22/24/26/28/30/32/34,6,,"ie=1, oe=0, wpdo, fun_sel=3",ie=oe=0,ALL|CP2|CP1|CP0|AP
1,SPPDWUWSWCDG_V,SD0_D[2],SD0_D[2],SD0_D2,VSD,1.8K/4.7K/20K,SD0_D2,I/O/T,,,,,GPIO99,I/O/T,,4/6/8/10/12/14/16/18/20/22/24/26/28/30/32/34,6,,"ie=1, oe=0, wpdo, fun_sel=3",ie=oe=0,ALL|CP2|CP1|CP0|AP
1,SPPDWUWSWCDG_V,SD0_CMD,SD0_CMD,SD0_CMD,VSD,1.8K/4.7K/20K,SD0_CMD,I/O/T,,,,,GPIO96,I/O/T,wpus,4/6/8/10/12/14/16/18/20/22/24/26/28/30/32/34,6,,"ie=1, oe=0, wpdo, fun_sel=3",ie=oe=0,ALL|CP2|CP1|CP0|AP
1,SPPDWUWSWCDG_V,SD0_D[0],SD0_D[0],SD0_D0,VSD,1.8K/4.7K/20K,SD0_D0,I/O/T,,,,,GPIO97,I/O/T,,4/6/8/10/12/14/16/18/20/22/24/26/28/30/32/34,6,,"ie=1, oe=0, wpdo, fun_sel=3",ie=oe=0,ALL|CP2|CP1|CP0|AP
1,SPPDWUWSWCDG_V,SD0_D[1],SD0_D[1],SD0_D1,VSD,1.8K/4.7K/20K,SD0_D1,I/O/T,,,,,GPIO98,I/O/T,,4/6/8/10/12/14/16/18/20/22/24/26/28/30/32/34,6,,"ie=1, oe=0, wpdo, fun_sel=3",ie=oe=0,ALL|CP2|CP1|CP0|AP
1,SPPDWUWSWCDG_V,SD0_CLK1,SD0_CLK1,SD0_CLK1,VSD,1.8K/4.7K/20K,SD0_CLK1,I/O/T,,,,,GPIO95,I/O/T,,4/6/8/10/12/14/16/18/20/22/24/26/28/30/32/34,6,,"ie=1, oe=0, wpdo, fun_sel=3",ie=oe=0,ALL|CP2|CP1|CP0|AP
1,SPPDWUWSWCDG_V,SD0_CLK0,SD0_CLK0,SD0_CLK0,VSD,1.8K/4.7K/20K,SD0_CLK0,I/O/T,,,,,GPIO94,I/O/T,,4/6/8/10/12/14/16/18/20/22/24/26/28/30/32/34,6,,"ie=1, oe=0, wpdo, fun_sel=3",ie=oe=0,ALL|CP2|CP1|CP0|AP
1,SPSCBC2_8X_VL,MEMS_MIC_CLK0,MEMS_MIC_CLK0,MEMS_MIC_CLK0,VIO_6,"1.8v,4.7K/20K",MEMS_MIC_CLK0,O,,,EXT_CODEC_IIS_DO,O,GPIO84,I/O/T,,2/4/6/8,4,,"ie=1, oe=0, wpdo, fun_sel=3",ie=oe=0,ALL|CP2|CP1|CP0|AP
1,SPSCBC2_8X_VL,MEMS_MIC_DATA0,MEMS_MIC_DATA0,MEMS_MIC_DATA0,VIO_6,"1.8v,4.7K/20K",MEMS_MIC_DATA0,I,,,EXT_CODEC_IIS_LRCK,O,GPIO85,I/O/T,,2/4/6/8,4,,"ie=1, oe=0, wpdo, fun_sel=3",ie=oe=0,ALL|CP2|CP1|CP0|AP
1,SPSCBC2_8X_VL,MEMS_MIC_CLK1,MEMS_MIC_CLK1,MEMS_MIC_CLK1,VIO_6,"1.8v,4.7K/20K",MEMS_MIC_CLK1,O,EXT_XTLEN2,I,EXT_CODEC_IIS_CLK,O,GPIO86,I/O/T,,2/4/6/8,4,,"ie=1, oe=0, wpdo, fun_sel=3",ie=oe=0,ALL|CP2|CP1|CP0|AP
1,SPSCBC2_8X_VL,MEMS_MIC_DATA1,MEMS_MIC_DATA1,MEMS_MIC_DATA1,VIO_6,"1.8v,4.7K/20K",MEMS_MIC_DATA1,I,EXT_XTLEN3,I,,,GPIO87,I/O/T,,2/4/6/8,4,,"ie=1, oe=0, wpdo, fun_sel=3",ie=oe=0,ALL|CP2|CP1|CP0|AP
1,SPSCBC2_8X_VL,PTEST,PTEST,PTEST,VIO_AD,"1.8v,4.7K/20K",PTEST,I,,,,,,,,2/4/6/8,4,,,NA,ALL|CP2|CP1|CP0|AP
1,SPSCBC2_8X_VL,ANA_INT,ANA_INT,ANA_INT,VIO_AD,"1.8v,4.7K/20K",ANA_INT,I,,,,,,,,2/4/6/8,4,,,NA,ALL|CP2|CP1|CP0|AP
1,SPSCBC2_8X_VL,EXT_RST_B,EXT_RST_B,EXT_RST_B,VIO_AD,"1.8v,4.7K/20K",EXT_RST_B,I,,,,,,,,2/4/6/8,4,,,NA,ALL|CP2|CP1|CP0|AP
1,SPSCBC2_8X_VL,CHIP_SLEEP,CHIP_SLEEP,CHIP_SLEEP,VIO_AD,"1.8v,4.7K/20K",CHIP_SLEEP,O,,,,,,,,2/4/6/8,4,,,NA,ALL|CP2|CP1|CP0|AP
1,SPSCBC2_8X_VL,XTL_BUF_EN0,XTL_BUF_EN0,XTL_BUF_EN0,VIO_AD,"1.8v,4.7K/20K",XTL_BUF_EN0,O,,,,,,,,2/4/6/8,4,,,NA,ALL|CP2|CP1|CP0|AP
1,SPSCBC2_8X_VL,XTL_BUF_EN1,XTL_BUF_EN1,XTL_BUF_EN1,VIO_AD,"1.8v,4.7K/20K",XTL_BUF_EN1,O,,,,,,,,2/4/6/8,4,,,NA,ALL|CP2|CP1|CP0|AP
1,SPSCBC2_8X_VL,XTL_BUF_EN2,XTL_BUF_EN2,XTL_BUF_EN2,VIO_AD,"1.8v,4.7K/20K",XTL_BUF_EN2,O,,,,,,,,2/4/6/8,4,,,NA,ALL|CP2|CP1|CP0|AP
1,SPSCBC2_8X_VL,CLK_32K,CLK_32K,CLK_32K,VIO_AD,"1.8v,4.7K/20K",CLK_32K,I,,,,,,,,2/4/6/8,4,,,NA,ALL|CP2|CP1|CP0|AP
1,SPSCBC2_8X_VL,AUD_SCLK,AUD_SCLK,AUD_SCLK,VIO_AD,"1.8v,4.7K/20K",AUD_SCLK,O,IIS2CLK(G0),I/O/T,,,,,,2/4/6/8,4,,"ie=0, oe=1, 0",ie=oe=0,ALL|CP2|CP1|CP0|AP
1,SPSCBC2_8X_VL,AUD_ADD0,AUD_ADD0,AUD_ADD0,VIO_AD,"1.8v,4.7K/20K",AUD_ADD0,I,IIS2DI(G0),I,,,,,,2/4/6/8,4,,"ie=1, oe=0",ie=oe=0,ALL|CP2|CP1|CP0|AP
1,SPSCBC2_8X_VL,AUD_ADSYNC,AUD_ADSYNC,AUD_ADSYNC,VIO_AD,"1.8v,4.7K/20K",AUD_ADSYNC,I,IIS2LRCK(G0),I/O/T,,,,,,2/4/6/8,4,,"ie=1, oe=0",ie=oe=0,ALL|CP2|CP1|CP0|AP
1,SPSCBC2_8X_VL,AUD_DAD1,AUD_DAD1,AUD_DAD1,VIO_AD,"1.8v,4.7K/20K",AUD_DAD1,O,IIS2DO(G0),O/T,,,,,,2/4/6/8,4,,"ie=0, oe=1, 0",ie=oe=0,ALL|CP2|CP1|CP0|AP
1,SPSCBC2_8X_VL,AUD_DAD0,AUD_DAD0,AUD_DAD0,VIO_AD,"1.8v,4.7K/20K",AUD_DAD0,O,,,,,,,,2/4/6/8,4,,"ie=0, oe=1, 0",ie=oe=0,ALL|CP2|CP1|CP0|AP
1,SPSCBC2_8X_VL,AUD_DASYNC,AUD_DASYNC,AUD_DASYNC,VIO_AD,"1.8v,4.7K/20K",AUD_DASYNC,O,,,,,,,,2/4/6/8,4,,"ie=0, oe=1, 0",ie=oe=0,ALL|CP2|CP1|CP0|AP
1,SPSCBC2_8X_VL,ADI_D,ADI_D,ADI_D,VIO_AD,"1.8v,4.7K/20K",ADI_D,I/O,,,,,,,,2/4/6/8,4,,"ie=0, oe=1, 0",ie=oe=0,ALL|CP2|CP1|CP0|AP
1,SPSCBC2_8X_VL,ADI_SYNC,ADI_SYNC,ADI_SYNC,VIO_AD,"1.8v,4.7K/20K",ADI_SYNC,O,SCL5,I/O/T,,,,,,2/4/6/8,4,,"ie=0, oe=1, 0","ie=0, oe=1, 0",ALL|CP2|CP1|CP0|AP
1,SPSCBC2_8X_VL,ADI_SCLK,ADI_SCLK,ADI_SCLK,VIO_AD,"1.8v,4.7K/20K",ADI_SCLK,O,SDA5,I/O/T,,,,,,2/4/6/8,4,,"ie=0, oe=1, 0","ie=0, oe=1, 0",ALL|CP2|CP1|CP0|AP
1,SPSCBC2_8X_VL,LCD_CSN1,LCD_CSN1,LCD_CSN1,VLCD,"1.8v,4.7K/20K",LCD_CSN1,O,CLK_AUX1,O,,,GPIO101,I/O/T,,2/4/6/8,4,,"ie=1, oe=0, wpu, fun_sel=3",ie=oe=0,ALL|CP2|CP1|CP0|AP
1,SPSCBC2_8X_VL,LCD_CSN0,LCD_CSN0,LCD_CSN0,VLCD,"1.8v,4.7K/20K",LCD_CSN0,O,,,,,GPIO102,I/O/T,,2/4/6/8,4,,"ie=1, oe=0, wpu, fun_sel=3",ie=oe=0,ALL|CP2|CP1|CP0|AP
1,SPSCBC2_8X_VL,LCD_RSTN,LCD_RSTN,LCD_RSTN,VLCD,"1.8v,4.7K/20K",LCD_RSTN,O,,,,,GPIO103,I/O/T,,2/4/6/8,4,,"ie=1, oe=0, wpdo, fun_sel=3",ie=oe=0,ALL|CP2|CP1|CP0|AP
1,SPSCBC2_8X_VL,LCD_CD,LCD_CD,LCD_CD,VLCD,"1.8V,4.7K/20K",LCD_CD,O,SPI2_CD,O,,,GPIO104,I/O/T,,2/4/6/8,4,,"ie=1, oe=0, wpdo, fun_sel=3",ie=oe=0,ALL|CP2|CP1|CP0|AP
1,SPSCBC2_8X_VL,LCD_FMARK,LCD_FMARK,LCD_FMARK,VLCD,"1.8V,4.7K/20K",LCD_FMARK,I,,,,,GPIO105,I/O/T,,2/4/6/8,4,,"ie=1, oe=0, wpdo, fun_sel=3",ie=oe=0,ALL|CP2|CP1|CP0|AP
1,SPSCBC2_8X_VL,LCD_WRN,LCD_WRN,LCD_WRN,VLCD,"1.8V,4.7K/20K",LCD_WRN,O,,,,,GPIO106,I/O/T,,2/4/6/8,4,,"ie=1, oe=0, wpdo, fun_sel=3",ie=oe=0,ALL|CP2|CP1|CP0|AP
1,SPSCBC2_8X_VL,LCD_RDN,LCD_RDN,LCD_RDN,VLCD,"1.8V,4.7K/20K",LCD_RDN,O,,,,,GPIO107,I/O/T,,2/4/6/8,4,,"ie=1, oe=0, wpdo, fun_sel=3",ie=oe=0,ALL|CP2|CP1|CP0|AP
1,SPSCBC2_8X_VL,LCD_D[0],LCD_D[0],LCD_D0,VLCD,"1.8V,4.7K/20K",LCD_D0,I/O,TRACEDAT8,O,CP0_ARM_GPIO4,I/O/T,GPIO108,I/O/T,,2/4/6/8,4,,"ie=1, oe=0, wpdo, fun_sel=3",ie=oe=0,ALL|CP2|CP1|CP0|AP
1,SPSCBC2_8X_VL,LCD_D[1],LCD_D[1],LCD_D1,VLCD,"1.8V,4.7K/20K",LCD_D1,I/O,TRACEDAT9,O,CP0_ARM_GPIO5,I/O/T,GPIO109,I/O/T,,2/4/6/8,4,,"ie=1, oe=0, wpdo, fun_sel=3",ie=oe=0,ALL|CP2|CP1|CP0|AP
1,SPSCBC2_8X_VL,LCD_D[2],LCD_D[2],LCD_D2,VLCD,"1.8V,4.7K/20K",LCD_D2,I/O,TRACEDAT10,O,CP0_ARM_GPIO6,I/O/T,GPIO110,I/O/T,,2/4/6/8,4,,"ie=1, oe=0, wpdo, fun_sel=3",ie=oe=0,ALL|CP2|CP1|CP0|AP
1,SPSCBC2_8X_VL,LCD_D[3],LCD_D[3],LCD_D3,VLCD,"1.8V,4.7K/20K",LCD_D3,I/O,TRACEDAT11,O,CP0_ARM_GPIO7,I/O/T,GPIO111,I/O/T,,2/4/6/8,4,,"ie=1, oe=0, wpdo, fun_sel=3",ie=oe=0,ALL|CP2|CP1|CP0|AP
1,SPSCBC2_8X_VL,LCD_D[4],LCD_D[4],LCD_D4,VLCD,"1.8V,4.7K/20K",LCD_D4,I/O,TRACEDAT12,O,CP1_ARM_GPIO4,I/O/T,GPIO112,I/O/T,,2/4/6/8,4,,"ie=1, oe=0, wpdo, fun_sel=3",ie=oe=0,ALL|CP2|CP1|CP0|AP
1,SPSCBC2_8X_VL,LCD_D[5],LCD_D[5],LCD_D5,VLCD,"1.8V,4.7K/20K",LCD_D5,I/O,TRACEDAT13,O,CP1_ARM_GPIO5,I/O/T,GPIO113,I/O/T,,2/4/6/8,4,,"ie=1, oe=0, wpdo, fun_sel=3",ie=oe=0,ALL|CP2|CP1|CP0|AP
1,SPSCBC2_8X_VL,LCD_D[6],LCD_D[6],LCD_D6,VLCD,"1.8V,4.7K/20K",LCD_D6,I/O,TRACEDAT14,O,CP1_ARM_GPIO6,I/O/T,GPIO114,I/O/T,,2/4/6/8,4,,"ie=1, oe=0, wpdo, fun_sel=3",ie=oe=0,ALL|CP2|CP1|CP0|AP
1,SPSCBC2_8X_VL,LCD_D[7],LCD_D[7],LCD_D7,VLCD,"1.8V,4.7K/20K",LCD_D7,I/O,TRACEDAT15,O,CP1_ARM_GPIO7,I/O/T,GPIO115,I/O/T,,2/4/6/8,4,,"ie=1, oe=0, wpdo, fun_sel=3",ie=oe=0,ALL|CP2|CP1|CP0|AP
1,SPSCBC2_8X_VL,LCD_D[8],LCD_D[8],LCD_D8,VLCD,"1.8V,4.7K/20K",LCD_D8,I/O,TRACEDAT16,O,CP2_ARM_GPIO4,I/O/T,GPIO116,I/O/T,,2/4/6/8,4,,"ie=1, oe=0, wpdo, fun_sel=3",ie=oe=0,ALL|CP2|CP1|CP0|AP
1,SPSCBC2_8X_VL,LCD_D[9],LCD_D[9],LCD_D9,VLCD,"1.8V,4.7K/20K",LCD_D9,I/O,TRACEDAT17,O,CP2_ARM_GPIO5,I/O/T,GPIO117,I/O/T,,2/4/6/8,4,,"ie=1, oe=0, wpdo, fun_sel=3",ie=oe=0,ALL|CP2|CP1|CP0|AP
1,SPSCBC2_8X_VL,LCD_D[10],LCD_D[10],LCD_D10,VLCD,"1.8V,4.7K/20K",LCD_D10,I/O,TRACEDAT18,O,CP2_ARM_GPIO6,I/O/T,GPIO118,I/O/T,,2/4/6/8,4,,"ie=1, oe=0, wpdo, fun_sel=3",ie=oe=0,ALL|CP2|CP1|CP0|AP
1,SPSCBC2_8X_VL,LCD_D[11],LCD_D[11],LCD_D11,VLCD,"1.8V,4.7K/20K",LCD_D11,I/O,TRACEDAT19,O,CP2_ARM_GPIO7,I/O/T,GPIO119,I/O/T,,2/4/6/8,4,,"ie=1, oe=0, wpdo, fun_sel=3",ie=oe=0,ALL|CP2|CP1|CP0|AP
1,SPSCBC2_8X_VL,LCD_D[12],LCD_D[12],LCD_D12,VLCD,"1.8V,4.7K/20K",LCD_D12,I/O,TRACEDAT20,O,CP1_DSP_GPO0,O,GPIO120,I/O/T,,2/4/6/8,4,,"ie=1, oe=0, wpdo, fun_sel=3",ie=oe=0,ALL|CP2|CP1|CP0|AP
1,SPSCBC2_8X_VL,LCD_D[13],LCD_D[13],LCD_D13,VLCD,"1.8V,4.7K/20K",LCD_D13,I/O,TRACEDAT21,O,CP1_DSP_GPO1,O,GPIO121,I/O/T,,2/4/6/8,4,,"ie=1, oe=0, wpdo, fun_sel=3",ie=oe=0,ALL|CP2|CP1|CP0|AP
1,SPSCBC2_8X_VL,LCD_D[14],LCD_D[14],LCD_D14,VLCD,"1.8V,4.7K/20K",LCD_D14,I/O,TRACEDAT22,O,CP1_DSP_GPO2,O,GPIO122,I/O/T,,2/4/6/8,4,,"ie=1, oe=0, wpdo, fun_sel=3",ie=oe=0,ALL|CP2|CP1|CP0|AP
1,SPSCBC2_8X_VL,LCD_D[15],LCD_D[15],LCD_D15,VLCD,"1.8V,4.7K/20K",LCD_D15,I/O,TRACEDAT23,O,CP1_DSP_GPO3,O,GPIO123,I/O/T,,2/4/6/8,4,,"ie=1, oe=0, wpdo, fun_sel=3",ie=oe=0,ALL|CP2|CP1|CP0|AP
1,SPSCBC2_8X_VL,LCD_D[16],LCD_D[16],LCD_D16,VLCD,"1.8V,4.7K/20K",LCD_D16,I/O,TRACEDAT24,O,CP1_DSP_GPO4,O,GPIO124,I/O/T,,2/4/6/8,4,,"ie=1, oe=0, wpdo, fun_sel=3",ie=oe=0,ALL|CP2|CP1|CP0|AP
1,SPSCBC2_8X_VL,LCD_D[17],LCD_D[17],LCD_D17,VLCD,"1.8V,4.7K/20K",LCD_D17,I/O,TRACEDAT25,O,CP1_DSP_GPO5,O,GPIO125,I/O/T,,2/4/6/8,4,,"ie=1, oe=0, wpdo, fun_sel=3",ie=oe=0,ALL|CP2|CP1|CP0|AP
1,SPSCBC2_8X_VL,LCD_D[18],LCD_D[18],LCD_D18,VLCD,"1.8V,4.7K/20K",LCD_D18,I/O,TRACEDAT26,O,CP1_DSP_GPO6,O,GPIO126,I/O/T,,2/4/6/8,4,,"ie=1, oe=0, wpdo, fun_sel=3",ie=oe=0,ALL|CP2|CP1|CP0|AP
1,SPSCBC2_8X_VL,LCD_D[19],LCD_D[19],LCD_D19,VLCD,"1.8V,4.7K/20K",LCD_D19,I/O,TRACEDAT27,O,CP1_DSP_GPO7,O,GPIO127,I/O/T,,2/4/6/8,4,,"ie=1, oe=0, wpdo, fun_sel=3",ie=oe=0,ALL|CP2|CP1|CP0|AP
1,SPSCBC2_8X_VL,LCD_D[20],LCD_D[20],LCD_D20,VLCD,"1.8V,4.7K/20K",LCD_D20,I/O,TRACEDAT28,O,CP1_DSP_GPO8,O,GPIO128,I/O/T,,2/4/6/8,4,,"ie=1, oe=0, wpdo, fun_sel=3",ie=oe=0,ALL|CP2|CP1|CP0|AP
1,SPSCBC2_8X_VL,LCD_D[21],LCD_D[21],LCD_D21,VLCD,"1.8V,4.7K/20K",LCD_D21,I/O,TRACEDAT29,O,CP1_DSP_GPO9,O,GPIO129,I/O/T,,2/4/6/8,4,,"ie=1, oe=0, wpdo, fun_sel=3",ie=oe=0,ALL|CP2|CP1|CP0|AP
1,SPSCBC2_8X_VL,LCD_D[22],LCD_D[22],LCD_D22,VLCD,"1.8V,4.7K/20K",LCD_D22,I/O,TRACEDAT30,O,CP1_DSP_GPO10,O,GPIO130,I/O/T,,2/4/6/8,4,,"ie=1, oe=0, wpdo, fun_sel=3",ie=oe=0,ALL|CP2|CP1|CP0|AP
1,SPSCBC2_8X_VL,LCD_D[23],LCD_D[23],LCD_D23,VLCD,"1.8V,4.7K/20K",LCD_D23,I/O,TRACEDAT31,O,CLK_AUX1,O,GPIO131,I/O/T,,2/4/6/8,4,,"ie=1, oe=0, wpdo, fun_sel=3",ie=oe=0,ALL|CP2|CP1|CP0|AP
1,SPSCBC2_8X_VL,SPI2_CSN,SPI2_CSN,SPI2_CSN,VLCD,"1.8V,4.7K/20K",SPI2_CSN,I/O/T,,,,,GPIO132,I/O/T,,2/4/6/8,4,,"ie=1, oe=0, wpu, fun_sel=3","ie=1, oe=0,wpu",ALL|CP2|CP1|CP0|AP
1,SPSCBC2_8X_VL,SPI2_DO,SPI2_DO,SPI2_DO,VLCD,"1.8V,4.7K/20K",SPI2_DO,I/O/T,,,,,GPIO133,I/O/T,,2/4/6/8,4,,"ie=1, oe=0, wpdo, fun_sel=3","ie=1, oe=0,wpu",ALL|CP2|CP1|CP0|AP
1,SPSCBC2_8X_VL,SPI2_DI,SPI2_DI,SPI2_DI,VLCD,"1.8V,4.7K/20K",SPI2_DI,I,,,,,GPIO134,I/O/T,,2/4/6/8,4,,"ie=1, oe=0, wpdo, fun_sel=3","ie=1, oe=0,wpu",ALL|CP2|CP1|CP0|AP
1,SPSCBC2_8X_VL,SPI2_CLK,SPI2_CLK,SPI2_CLK,VLCD,"1.8V,4.7K/20K",SPI2_CLK,I/O/T,,,,,GPIO135,I/O/T,,2/4/6/8,4,,"ie=1, oe=0, wpdo, fun_sel=3","ie=1, oe=0,wpdo",ALL|CP2|CP1|CP0|AP
1,SPSEBC2_24X_HL,EMMC_CLK,EMMC_CLK,EMMC_CLK,VEMMC,"1.8v,4.7K/20K",EMMC_CLK,I/O/T,,,,,GPIO136,I/O/T,,2/6/12/24,6,,"ie=oe=1, wpdo",ie=oe=0,ALL|CP2|CP1|CP0|AP
1,SPSEBC2_24X_HL,EMMC_CMD,EMMC_CMD,EMMC_CMD,VEMMC,"1.8v,4.7K/20K",EMMC_CMD,I/O/T,,,,,GPIO137,I/O/T,wpus,2/6/12/24,6,"ie=oe=0,wpu","ie=1, oe=0,wpu",ie=oe=0,ALL|CP2|CP1|CP0|AP
1,SPSEBC2_24X_HL,EMMC_D[0],EMMC_D[0],EMMC_D0,VEMMC,"1.8v,4.7K/20K",EMMC_D0,I/O/T,,,,,GPIO138,I/O/T,,2/6/12/24,6,"ie=oe=0,wpu","ie=1, oe=0,wpu",ie=oe=0,ALL|CP2|CP1|CP0|AP
1,SPSEBC2_24X_HL,EMMC_D[1],EMMC_D[1],EMMC_D1,VEMMC,"1.8v,4.7K/20K",EMMC_D1,I/O/T,,,,,GPIO139,I/O/T,,2/6/12/24,6,"ie=oe=0,wpu","ie=1, oe=0,wpu",ie=oe=0,ALL|CP2|CP1|CP0|AP
1,SPSEBC2_24X_HL,EMMC_D[2],EMMC_D[2],EMMC_D2,VEMMC,"1.8v,4.7K/20K",EMMC_D2,I/O/T,,,,,GPIO140,I/O/T,,2/6/12/24,6,"ie=oe=0,wpu","ie=1, oe=0,wpu",ie=oe=0,ALL|CP2|CP1|CP0|AP
1,SPSEBC2_24X_HL,EMMC_D[3],EMMC_D[3],EMMC_D3,VEMMC,"1.8v,4.7K/20K",EMMC_D3,I/O/T,,,,,GPIO141,I/O/T,,2/6/12/24,6,"ie=oe=0,wpu","ie=1, oe=0,wpu",ie=oe=0,ALL|CP2|CP1|CP0|AP
1,SPSEBC2_24X_HL,EMMC_D[4],EMMC_D[4],EMMC_D4,VEMMC,"1.8v,4.7K/20K",EMMC_D4,I/O/T,,,,,GPIO142,I/O/T,,2/6/12/24,6,"ie=oe=0,wpu","ie=1, oe=0,wpu",ie=oe=0,ALL|CP2|CP1|CP0|AP
1,SPSEBC2_24X_HL,EMMC_D[5],EMMC_D[5],EMMC_D5,VEMMC,"1.8v,4.7K/20K",EMMC_D5,I/O/T,,,,,GPIO143,I/O/T,,2/6/12/24,6,"ie=oe=0,wpu","ie=1, oe=0,wpu",ie=oe=0,ALL|CP2|CP1|CP0|AP
1,SPSEBC2_24X_HL,EMMC_D[6],EMMC_D[6],EMMC_D6,VEMMC,"1.8v,4.7K/20K",EMMC_D6,I/O/T,,,,,GPIO144,I/O/T,,2/6/12/24,6,"ie=oe=0,wpu","ie=1, oe=0,wpu",ie=oe=0,ALL|CP2|CP1|CP0|AP
1,SPSEBC2_24X_HL,EMMC_D[7],EMMC_D[7],EMMC_D7,VEMMC,"1.8v,4.7K/20K",EMMC_D7,I/O/T,,,,,GPIO145,I/O/T,,2/6/12/24,6,"ie=oe=0,wpu","ie=1, oe=0,wpu",ie=oe=0,ALL|CP2|CP1|CP0|AP
1,SPSEBC2_24X_HL,EMMC_RST,EMMC_RST,EMMC_RST,VEMMC,"1.8v,4.7K/20K",EMMC_RST,O,,,,,GPIO146,I/O/T,,2/6/12/24,6,"ie=0, oe=1, 0","ie=0, oe=1, 1",ie=oe=0,ALL|CP2|CP1|CP0|AP
1,SPSEBC2_24X_HL,NFWPN,NFWPN,NFWPN,VNF,"1.8v,4.7K/20K",NFWPN,O,,,KEYOUT3(G1),O/T,GPIO147,I/O/T,,2/6/12/24,6,,"ie=0, oe=1, 0",ie=oe=0,ALL|CP2|CP1|CP0|AP
1,SPSEBC2_24X_HL,NFRB,NFRB,NFRB,VNF,"1.8v,4.7K/20K",NFRB,I,,,KEYOUT4(G1),O/T,GPIO148,I/O/T,wpus,2/6/12/24,6,,"ie=1, oe=0, wpu",ie=oe=0,ALL|CP2|CP1|CP0|AP
1,SPSEBC2_24X_HL,NFCLE,NFCLE,NFCLE,VNF,"1.8v,4.7K/20K",NFCLE,O,U4TXD(G0),O,KEYOUT5(G1),O/T,GPIO149,I/O/T,,2/6/12/24,6,,"ie=0, oe=1, 0",ie=oe=0,ALL|CP2|CP1|CP0|AP
1,SPSEBC2_24X_HL,NFALE,NFALE,NFALE,VNF,"1.8v,4.7K/20K",NFALE,O,U4RXD(G0),I,KEYOUT6(G1),O/T,GPIO150,I/O/T,,2/6/12/24,6,,"ie=0, oe=1, 0",ie=oe=0,ALL|CP2|CP1|CP0|AP
1,SPSEBC2_24X_VL,NFCEN0,NFCEN0,NFCEN0,VNF,"1.8v,4.7K/20K",NFCEN0,O,,,KEYOUT7(G1),O/T,GPIO151,I/O/T,,2/6/12/24,6,,"ie=0, oe=1, 1",ie=oe=0,ALL|CP2|CP1|CP0|AP
1,SPSEBC2_24X_VL,NFCEN1,NFCEN1,NFCEN1,VNF,"1.8v,4.7K/20K",NFCEN1,O,,,,,GPIO152,I/O/T,,2/6/12/24,6,,"ie=0, oe=1, 1",ie=oe=0,ALL|CP2|CP1|CP0|AP
1,SPSEBC2_24X_VL,NFREN,NFREN,NFREN,VNF,"1.8v,4.7K/20K",NFREN,I/O/T,U4CTS,I,,,GPIO153,I/O/T,,2/6/12/24,6,,"ie=0, oe=1, 1",ie=oe=0,ALL|CP2|CP1|CP0|AP
1,SPSEBC2_24X_VL,NFWEN,NFWEN,NFWEN,VNF,"1.8v,4.7K/20K",NFWEN,O,U4RTS,O,KEYIN7,I,GPIO154,I/O/T,,2/6/12/24,6,,"ie=0, oe=1, 1",ie=oe=0,ALL|CP2|CP1|CP0|AP
1,SPSEBC2_24X_VL,NFD[0],NFD[0],NFD0,VNF,"1.8v,4.7K/20K",NFD0,I/O/T,,,KEYIN6,I,GPIO155,I/O/T,,2/6/12/24,6,"ie=1, oe=0, wpu","ie=0, oe=0",ie=oe=0,ALL|CP2|CP1|CP0|AP
1,SPSEBC2_24X_VL,NFD[1],NFD[1],NFD1,VNF,"1.8v,4.7K/20K",NFD1,I/O/T,,,KEYIN5,I,GPIO156,I/O/T,,2/6/12/24,6,"ie=1, oe=0, wpu","ie=0, oe=0",ie=oe=0,ALL|CP2|CP1|CP0|AP
1,SPSEBC2_24X_VL,NFD[2],NFD[2],NFD2,VNF,"1.8v,4.7K/20K",NFD2,I/O/T,,,KEYIN4,I,GPIO157,I/O/T,,2/6/12/24,6,"ie=1, oe=0, wpu","ie=0, oe=0",ie=oe=0,ALL|CP2|CP1|CP0|AP
1,SPSEBC2_24X_VL,NFD[3],NFD[3],NFD3,VNF,"1.8v,4.7K/20K",NFD3,I/O/T,,,KEYIN3,I,GPIO158,I/O/T,,2/6/12/24,6,"ie=1, oe=0, wpu","ie=0, oe=0",ie=oe=0,ALL|CP2|CP1|CP0|AP
1,SPSEBC2_24X_VL,NFD[4],NFD[4],NFD4,VNF,"1.8v,4.7K/20K",NFD4,I/O/T,CLK_AUX1,O,PWMA,O,GPIO159,I/O/T,,2/6/12/24,6,,"ie=0, oe=0, wpdo",ie=oe=0,ALL|CP2|CP1|CP0|AP
1,SPSEBC2_24X_VL,NFD[5],NFD[5],NFD5,VNF,"1.8v,4.7K/20K",NFD5,I/O/T,SD2_D7,I/O/T,IIS3DI(G1),I,GPIO160,I/O/T,,2/6/12/24,6,,"ie=0, oe=0, wpdo",ie=oe=0,ALL|CP2|CP1|CP0|AP
1,SPSEBC2_24X_VL,NFD[6],NFD[6],NFD6,VNF,"1.8v,4.7K/20K",NFD6,I/O/T,SD2_D6,I/O/T,IIS3DO(G1),O/T,GPIO161,I/O/T,,2/6/12/24,6,,"ie=0, oe=0, wpdo",ie=oe=0,ALL|CP2|CP1|CP0|AP
1,SPSEBC2_24X_VL,NFD[7],NFD[7],NFD7,VNF,"1.8v,4.7K/20K",NFD7,I/O/T,SD2_D5,I/O/T,IIS3CLK(G1),I/O/T,GPIO162,I/O/T,,2/6/12/24,6,,"ie=0, oe=0, wpdo",ie=oe=0,ALL|CP2|CP1|CP0|AP
1,SPSEBC2_24X_VL,NFD[8],NFD[8],NFD8,VNF,"1.8v,4.7K/20K",NFD8,I/O/T,SD2_D4,I/O/T,IIS3LRCK(G1),I/O/T,GPIO163,I/O/T,,2/6/12/24,6,,"ie=0, oe=0, wpdo",ie=oe=0,ALL|CP2|CP1|CP0|AP
1,SPSEBC2_24X_VL,NFD[9],NFD[9],NFD9,VNF,"1.8v,4.7K/20K",NFD9,I/O/T,SD2_D3,I/O/T,IIS3MCK(G1),I/O,GPIO164,I/O/T,,2/6/12/24,6,,"ie=0, oe=0, wpdo",ie=oe=0,ALL|CP2|CP1|CP0|AP
1,SPSEBC2_24X_VL,NFD[10],NFD[10],NFD10,VNF,"1.8v,4.7K/20K",NFD10,I/O/T,SD2_D2,I/O/T,,,GPIO165,I/O/T,,2/6/12/24,6,,"ie=0, oe=0, wpdo",ie=oe=0,ALL|CP2|CP1|CP0|AP
1,SPSEBC2_24X_VL,NFD[11],NFD[11],NFD11,VNF,"1.8v,4.7K/20K",NFD11,I/O/T,SD2_D1,I/O/T,IIS2DI(G1),I,GPIO166,I/O/T,,2/6/12/24,6,,"ie=0, oe=0, wpdo",ie=oe=0,ALL|CP2|CP1|CP0|AP
1,SPSEBC2_24X_VL,NFD[12],NFD[12],NFD12,VNF,"1.8v,4.7K/20K",NFD12,I/O/T,SD2_D0,I/O/T,IIS2DO(G1),O/T,GPIO167,I/O/T,,2/6/12/24,6,,"ie=0, oe=0, wpdo",ie=oe=0,ALL|CP2|CP1|CP0|AP
1,SPSEBC2_24X_VL,NFD[13],NFD[13],NFD13,VNF,"1.8v,4.7K/20K",NFD13,I/O/T,SD2_RST,I/O/T,IIS2CLK(G1),I/O/T,GPIO168,I/O/T,,2/6/12/24,6,,"ie=0, oe=0, wpdo",ie=oe=0,ALL|CP2|CP1|CP0|AP
1,SPSEBC2_24X_VL,NFD[14],NFD[14],NFD14,VNF,"1.8v,4.7K/20K",NFD14,I/O/T,SD2_CMD,I/O/T,IIS2LRCK(G1),I/O/T,GPIO169,I/O/T,,2/6/12/24,6,,"ie=0, oe=0, wpdo",ie=oe=0,ALL|CP2|CP1|CP0|AP
1,SPSEBC2_24X_VL,NFD[15],NFD[15],NFD15,VNF,"1.8v,4.7K/20K",NFD15,I/O/T,SD2_CLK,I/O/T,IIS2MCK,I/O,GPIO170,I/O/T,,2/6/12/24,6,,"ie=0, oe=0, wpdo",ie=oe=0,ALL|CP2|CP1|CP0|AP
1,SPSCBC2_8X_VL,CCIRCK0,CCIRCK0,CCIRCK0,VCAM,"1.8V,4.7K/20K",CCIRCK0,I,CLK_CP1_DSP,O,CP2_ARM_GPIO0,I/O/T,GPIO171,I/O/T,,2/4/6/8,4,,"ie=1, oe=0, wpdo, fun_sel=3",ie=oe=0,ALL|CP2|CP1|CP0|AP
1,SPSCBC2_8X_VL,CCIRCK1,CCIRCK1,CCIRCK1,VCAM,"1.8V,4.7K/20K",CCIRCK1,I,CLK_CP0_DSP,O,CP2_ARM_GPIO1,I/O/T,GPIO172,I/O/T,,2/4/6/8,4,,"ie=1, oe=0, wpdo, fun_sel=3",ie=oe=0,ALL|CP2|CP1|CP0|AP
1,SPSCBC2_8X_VL,CCIRMCLK,CCIRMCLK,CCIRMCLK,VCAM,"1.8V,4.7K/20K",CCIRMCLK,O,CLK_AUX2,O,CP2_ARM_GPIO2,I/O/T,GPIO173,I/O/T,,2/4/6/8,4,,"ie=0, oe=1, 0, fun_sel=1",ie=oe=0,ALL|CP2|CP1|CP0|AP
1,SPSCBC2_8X_VL,CCIRHS,CCIRHS,CCIRHS,VCAM,"1.8V,4.7K/20K",CCIRHS,I,,,CP2_ARM_GPIO3,I/O/T,GPIO174,I/O/T,,2/4/6/8,4,,"ie=1, oe=0, wpdo, fun_sel=3",ie=oe=0,ALL|CP2|CP1|CP0|AP
1,SPSCBC2_8X_VL,CCIRVS,CCIRVS,CCIRVS,VCAM,"1.8V,4.7K/20K",CCIRVS,I,,,,,GPIO175,I/O/T,,2/4/6/8,4,,"ie=1, oe=0, wpdo, fun_sel=3",ie=oe=0,ALL|CP2|CP1|CP0|AP
1,SPSCBC2_8X_VL,CCIRD[0],CCIRD[0],CCIRD0,VCAM,"1.8V,4.7K/20K",CCIRD0,I,CP0_DTDO(G0),O/T,CP_MTDO,O/T,GPIO176,I/O/T,,2/4/6/8,4,,"ie=1, oe=0, wpdo, fun_sel=3",ie=oe=0,ALL|CP2|CP1|CP0|AP
1,SPSCBC2_8X_VL,CCIRD[1],CCIRD[1],CCIRD1,VCAM,"1.8V,4.7K/20K",CCIRD1,I,CP0_DTDI(G0),I,CP_MTDI,I,GPIO177,I/O/T,,2/4/6/8,4,,"ie=1, oe=0, wpdo, fun_sel=3",ie=oe=0,ALL|CP2|CP1|CP0|AP
1,SPSCBC2_8X_VL,CCIRD[2],CCIRD[2],CCIRD2,VCAM,"1.8V,4.7K/20K",CCIRD2,I,CP0_DTCK(G0),I,CP_MTCK,I,GPIO178,I/O/T,,2/4/6/8,4,,"ie=1, oe=0, wpdo, fun_sel=3",ie=oe=0,ALL|CP2|CP1|CP0|AP
1,SPSCBC2_8X_VL,CCIRD[3],CCIRD[3],CCIRD3,VCAM,"1.8V,4.7K/20K",CCIRD3,I,CP0_DTMS(G0),I,CP_MTMS,I,GPIO179,I/O/T,,2/4/6/8,4,,"ie=1, oe=0, wpdo, fun_sel=3",ie=oe=0,ALL|CP2|CP1|CP0|AP
1,SPSCBC2_8X_VL,CCIRD[4],CCIRD[4],CCIRD4,VCAM,"1.8V,4.7K/20K",CCIRD4,I,CP0_DRTCK(G0),O,CP_MTRST_N,I,GPIO180,I/O/T,,2/4/6/8,4,,"ie=1, oe=0, wpdo, fun_sel=3",ie=oe=0,ALL|CP2|CP1|CP0|AP
1,SPSCBC2_8X_VL,CCIRD[5],CCIRD[5],CCIRD5,VCAM,"1.8V,4.7K/20K",CCIRD5,I,CP1_DTDO(G0),O/T,CP1_ARM_GPIO3,I/O/T,GPIO181,I/O/T,,2/4/6/8,4,,"ie=1, oe=0, wpdo, fun_sel=3",ie=oe=0,ALL|CP2|CP1|CP0|AP
1,SPSCBC2_8X_VL,CCIRD[6],CCIRD[6],CCIRD6,VCAM,"1.8V,4.7K/20K",CCIRD6,I,CP1_DTDI(G0),I,CP0_ARM_GPIO3,I/O/T,GPIO182,I/O/T,,2/4/6/8,4,,"ie=1, oe=0, wpdo, fun_sel=3",ie=oe=0,ALL|CP2|CP1|CP0|AP
1,SPSCBC2_8X_VL,CCIRD[7],CCIRD[7],CCIRD7,VCAM,"1.8V,4.7K/20K",CCIRD7,I,CP1_DTCK(G0),I,,,GPIO183,I/O/T,,2/4/6/8,4,,"ie=1, oe=0, wpdo, fun_sel=3",ie=oe=0,ALL|CP2|CP1|CP0|AP
1,SPSCBC2_8X_VL,CCIRD[8],CCIRD[8],CCIRD8,VCAM,"1.8V,4.7K/20K",CCIRD8,I,,,,,GPIO184,I/O/T,,2/4/6/8,4,,"ie=1, oe=0, wpdo, fun_sel=3",ie=oe=0,ALL|CP2|CP1|CP0|AP
1,SPSCBC2_8X_VL,CCIRD[9],CCIRD[9],CCIRD9,VCAM,"1.8V,4.7K/20K",CCIRD9,I,,,,,GPIO185,I/O/T,,2/4/6/8,4,,"ie=1, oe=0, wpdo, fun_sel=3",ie=oe=0,ALL|CP2|CP1|CP0|AP
1,SPSCBC2_8X_VL,CCIRRST,CCIRRST,CCIRRST,VCAM,"1.8V,4.7K/20K",CCIRRST,O,CP1_DTMS(G0),I,,,GPIO186,I/O/T,,2/4/6/8,4,,"ie=1, oe=0, wpdo, fun_sel=3",ie=oe=0,ALL|CP2|CP1|CP0|AP
1,SPSCBC2_8X_VL,CCIRPD1,CCIRPD1,CCIRPD1,VCAM,"1.8V,4.7K/20K",CCIRPD1,O,CP1_DRTCK(G0),O,,,GPIO187,I/O/T,,2/4/6/8,4,,"ie=1, oe=0, wpdo, fun_sel=3",ie=oe=0,ALL|CP2|CP1|CP0|AP
1,SPSCBC2_8X_VL,CCIRPD0,CCIRPD0,CCIRPD0,VCAM,"1.8V,4.7K/20K",CCIRPD0,O,,,,,GPIO188,I/O/T,,2/4/6/8,4,,"ie=1, oe=0, wpdo, fun_sel=3",ie=oe=0,ALL|CP2|CP1|CP0|AP
1,SPSCBC2_8X_IIC_VL,SCL0,SCL0,SCL0,VCAM,"1.8V,1.8K/20K",SCL0,I/O/T,,,,,GPIO189,I/O/T,wpus,2/4/6/8,4,,"ie=1, oe=0, wpu, fun_sel=3",ie=oe=0,ALL|CP2|CP1|CP0|AP
1,SPSCBC2_8X_IIC_VL,SDA0,SDA0,SDA0,VCAM,"1.8V,1.8K/20K",SDA0,I/O/T,,,,,GPIO190,I/O/T,wpus,2/4/6/8,4,,"ie=1, oe=0, wpu, fun_sel=3",ie=oe=0,ALL|CP2|CP1|CP0|AP
1,SPSCBC2_8X_W_VL,KEYOUT[0],KEYOUT[0],KEYOUT0,VIO_1,"1.8V,4.7K/20K",KEYOUT0,O/T,VBC_DAC_IISDO(G1),O,CP1_ARM_GPIO0,I/O/T,GPIO191,I/O/T,,2/4/6/8,4,,"ie=0, oe=1, 0",ie=oe=0,ALL|CP2|CP1|CP0|AP
1,SPSCBC2_8X_W_VL,KEYOUT[1],KEYOUT[1],KEYOUT1,VIO_1,"1.8V,4.7K/20K",KEYOUT1,O/T,VBC_DAC_IISCLK(G1),I,CP1_ARM_GPIO1,I/O/T,GPIO192,I/O/T,,2/4/6/8,4,,"ie=oe=0, wpdo",ie=oe=0,ALL|CP2|CP1|CP0|AP
1,SPSCBC2_8X_W_VL,KEYOUT[2],KEYOUT[2],KEYOUT2,VIO_1,"1.8V,4.7K/20K",KEYOUT2,O/T,VBC_DAC_IISLRCK(G1),I,CP1_ARM_GPIO2,I/O/T,GPIO193,I/O/T,,2/4/6/8,4,,"ie=1, oe=0, wpdo, fun_sel=3",ie=oe=0,ALL|CP2|CP1|CP0|AP
1,SPSCBC2_8X_W_VL,KEYIN[0],KEYIN[0],KEYIN0,VIO_1,"1.8V,4.7K/20K",KEYIN0,I,,,CP0_ARM_GPIO0,I/O/T,GPIO199,I/O/T,wpus,2/4/6/8,4,,"ie=1, oe=0, wpu",ie=oe=0,ALL|CP2|CP1|CP0|AP
1,SPSCBC2_8X_W_VL,KEYIN[1],KEYIN[1],KEYIN1,VIO_1,"1.8V,4.7K/20K",KEYIN1,I,,,CP0_ARM_GPIO1,I/O/T,GPIO200,I/O/T,wpus,2/4/6/8,4,,"ie=1, oe=0, wpu",ie=oe=0,ALL|CP2|CP1|CP0|AP
1,SPSCBC2_8X_W_VL,KEYIN[2],KEYIN[2],KEYIN2,VIO_1,"1.8V,4.7K/20K",KEYIN2,I,PWMB,O,CP0_ARM_GPIO2,I/O/T,GPIO201,I/O/T,wpus,2/4/6/8,4,,"ie=1, oe=0, wpdo, fun_sel=3",ie=oe=0,ALL|CP2|CP1|CP0|AP
1,SPSCBC2_8X_IIC_VL,SCL2,SCL2,SCL2,VIO_1,"1.8V,1.8K/20K",SCL2,I/O/T,,,,,GPIO207,I/O/T,wpus,2/4/6/8,4,,"ie=1, oe=0, wpu, fun_sel=3",ie=oe=0,ALL|CP2|CP1|CP0|AP
1,SPSCBC2_8X_IIC_VL,SDA2,SDA2,SDA2,VIO_1,"1.8V,1.8K/20K",SDA2,I/O/T,,,,,GPIO208,I/O/T,wpus,2/4/6/8,4,,"ie=1, oe=0, wpu, fun_sel=3",ie=oe=0,ALL|CP2|CP1|CP0|AP
1,SPSCBC2_8X_VL,CLK_AUX0,CLK_AUX0,CLK_AUX0,VIO_1,"1.8V,4.7K/20K",CLK_AUX0,O,PROBE_CLK,O,VBC_DAC_IISLRCK(G0),I,GPIO209,I/O/T,,2/4/6/8,4,,"ie=1, oe=0, wpdo, fun_sel=3",ie=oe=0,ALL|CP2|CP1|CP0|AP
1,SPSCBC2_8X_VL,IIS0DI,IIS0DI,IIS0DI,VIO_1,"1.8V,4.7K/20K",IIS0DI,I,WIFI_ACTIVE,I,FM_RXIQD0,I,GPIO210,I/O/T,,2/4/6/8,4,,"ie=1, oe=0, wpdo, fun_sel=3",ie=oe=0,ALL|CP2|CP1|CP0|AP
1,SPSCBC2_8X_VL,IIS0DO,IIS0DO,IIS0DO,VIO_1,"1.8V,4.7K/20K",IIS0DO,O/T,BT_ACTIVE,O,FM_RXIQD1,I,GPIO211,I/O/T,,2/4/6/8,4,,"ie=1, oe=0, wpdo, fun_sel=3",ie=oe=0,ALL|CP2|CP1|CP0|AP
1,SPSCBC2_8X_VL,IIS0CLK,IIS0CLK,IIS0CLK,VIO_1,"1.8V,4.7K/20K",IIS0CLK,I/O/T,BT_STATUS,O,WIFI_AGC_GAIN0,O,GPIO212,I/O/T,,2/4/6/8,4,,"ie=1, oe=0, wpdo, fun_sel=3",ie=oe=0,ALL|CP2|CP1|CP0|AP
1,SPSCBC2_8X_VL,IIS0LRCK,IIS0LRCK,IIS0LRCK,VIO_1,"1.8V,4.7K/20K",IIS0LRCK,I/O/T,,,WIFI_AGC_GAIN1,O,GPIO213,I/O/T,,2/4/6/8,4,,"ie=1, oe=0, wpdo, fun_sel=3",ie=oe=0,ALL|CP2|CP1|CP0|AP
1,SPSCBC2_8X_VL,IIS0MCK,IIS0MCK,IIS0MCK,VIO_1,"1.8V,4.7K/20K",IIS0MCK,I/O,CLK_AUX1,O,PWMD,O,GPIO214,I/O/T,,2/4/6/8,4,,"ie=1, oe=0, wpdo, fun_sel=3",ie=oe=0,ALL|CP2|CP1|CP0|AP
1,SPSCBC2_8X_VL,IIS1DI,IIS1DI,IIS1DI,VIO_1,"1.8V,4.7K/20K",IIS1DI,I,VBC_ADC_IISDI,I,ORP_TDO,O/T,GPIO215,I/O/T,,2/4/6/8,4,,"ie=1, oe=0, wpdo, fun_sel=3",ie=oe=0,ALL|CP2|CP1|CP0|AP
1,SPSCBC2_8X_VL,IIS1DO,IIS1DO,IIS1DO,VIO_1,"1.8V,4.7K/20K",IIS1DO,O/T,VBC_DAC_IISDO,O,ORP_TDI,I,GPIO216,I/O/T,,2/4/6/8,4,,"ie=1, oe=0, wpdo, fun_sel=3",ie=oe=0,ALL|CP2|CP1|CP0|AP
1,SPSCBC2_8X_VL,IIS1CLK,IIS1CLK,IIS1CLK,VIO_1,"1.8V,4.7K/20K",IIS1CLK,I/O/T,VBC_ADC_IISCLK,I,ORP_TCK,I,GPIO217,I/O/T,,2/4/6/8,4,,"ie=1, oe=0, wpdo, fun_sel=3",ie=oe=0,ALL|CP2|CP1|CP0|AP
1,SPSCBC2_8X_VL,IIS1LRCK,IIS1LRCK,IIS1LRCK,VIO_1,"1.8V,4.7K/20K",IIS1LRCK,I/O/T,VBC_ADC_IISLRCK,I,ORP_TMS,I,GPIO218,I/O/T,,2/4/6/8,4,,"ie=1, oe=0, wpdo, fun_sel=3",ie=oe=0,ALL|CP2|CP1|CP0|AP
1,SPSCBC2_8X_VL,IIS1MCK,IIS1MCK,IIS1MCK,VIO_1,"1.8V,4.7K/20K",IIS1MCK,I/O,VBC_DAC_IISCLK(G0),I,ORP_TRST_N,I,GPIO219,I/O/T,,2/4/6/8,4,,"ie=1, oe=0, wpdo, fun_sel=3",ie=oe=0,ALL|CP2|CP1|CP0|AP
1,SPSCBC2_8X_VL,MTDO,MTDO,MTDO,VIO_1,"1.8V,4.7K/20K",MTDO,O/T,CP0_DTDO(G1),O/T,CP1_DTDO(G1),O/T,GPIO225,I/O/T,,2/4/6/8,4,,ie=oe=0,"ie=0, oe=1, 0",ALL|CP2|CP1|CP0|AP
1,SPSCBC2_8X_VL,MTDI,MTDI,MTDI,VIO_1,"1.8V,4.7K/20K",MTDI,I,CP0_DTDI(G1),I,CP1_DTDI(G1),I,GPIO226,I/O/T,,2/4/6/8,4,,"ie=1, oe=0, wpu","ie=1, oe=0, wpu",ALL|CP2|CP1|CP0|AP
1,SPSCBC2_8X_VL,MTCK,MTCK,MTCK,VIO_1,"1.8V,4.7K/20K",MTCK,I,CP0_DTCK(G1),I,CP1_DTCK(G1),I,GPIO227,I/O/T,,2/4/6/8,4,,"ie=1, oe=0, wpdo","ie=1, oe=0, wpdo",ALL|CP2|CP1|CP0|AP
1,SPSCBC2_8X_VL,MTMS,MTMS,MTMS,VIO_1,"1.8V,4.7K/20K",MTMS,I,CP0_DTMS(G1),I,CP1_DTMS(G1),I,GPIO228,I/O/T,,2/4/6/8,4,,"ie=1, oe=0, wpu","ie=1, oe=0, wpu",ALL|CP2|CP1|CP0|AP
1,SPSCBC2_8X_VL,MTRST_N,MTRST_N,MTRST_N,VIO_1,"1.8V,4.7K/20K",MTRST_N,I,CP0_DRTCK(G1),O,CP1_DRTCK(G1),O,GPIO229,I/O/T,,2/4/6/8,4,,"ie=1, oe=0, wpu","ie=1, oe=0, wpu",ALL|CP2|CP1|CP0|AP
1,SPSCBC2_8X_VL,TRACECLK,TRACECLK,TRACECLK,VIO_1,"1.8V,4.7K/20K",TRACECLK,O,SPI1_CLK(G0),I/O/T,CP0_DSP_GPO0,O,GPIO230,I/O/T,,2/4/6/8,4,,"ie=1, oe=0, wpdo, fun_sel=3",ie=oe=0,ALL|CP2|CP1|CP0|AP
1,SPSCBC2_8X_VL,TRACECTRL,TRACECTRL,TRACECTRL,VIO_1,"1.8V,4.7K/20K",TRACECTRL,O,SPI1_DI(G0),I,CP0_DSP_GPO1,O,GPIO231,I/O/T,,2/4/6/8,4,,"ie=1, oe=0, wpdo, fun_sel=3",ie=oe=0,ALL|CP2|CP1|CP0|AP
1,SPSCBC2_8X_VL,TRACEDAT[0],TRACEDAT[0],TRACEDAT0,VIO_1,"1.8V,4.7K/20K",TRACEDAT0,O,SPI1_DO(G0),I/O/T,CP0_DSP_GPO2,O,GPIO232,I/O/T,,2/4/6/8,4,,"ie=1, oe=0, wpdo, fun_sel=3",ie=oe=0,ALL|CP2|CP1|CP0|AP
1,SPSCBC2_8X_VL,TRACEDAT[1],TRACEDAT[1],TRACEDAT1,VIO_1,"1.8V,4.7K/20K",TRACEDAT1,O,SPI1_CSN(G0),I/O/T,CP0_DSP_GPO3,O,GPIO233,I/O/T,,2/4/6/8,4,,"ie=1, oe=0, wpdo, fun_sel=3",ie=oe=0,ALL|CP2|CP1|CP0|AP
1,SPSCBC2_8X_VL,TRACEDAT[2],TRACEDAT[2],TRACEDAT2,VIO_1,"1.8V,4.7K/20K",TRACEDAT2,O,PWMC,O,CP0_DSP_GPO4,O,GPIO234,I/O/T,,2/4/6/8,4,,"ie=1, oe=0, wpdo, fun_sel=3",ie=oe=0,ALL|CP2|CP1|CP0|AP
1,SPSCBC2_8X_VL,TRACEDAT[3],TRACEDAT[3],TRACEDAT3,VIO_1,"1.8V,4.7K/20K",TRACEDAT3,O,IIS3DI(G0),I,CP0_DSP_GPO5,O,GPIO235,I/O/T,,2/4/6/8,4,,"ie=1, oe=0, wpdo, fun_sel=3",ie=oe=0,ALL|CP2|CP1|CP0|AP
1,SPSCBC2_8X_VL,TRACEDAT[4],TRACEDAT[4],TRACEDAT4,VIO_1,"1.8V,4.7K/20K",TRACEDAT4,O,IIS3DO(G0),O/T,CP0_DSP_GPO6,O,GPIO236,I/O/T,,2/4/6/8,4,,"ie=1, oe=0, wpdo, fun_sel=3",ie=oe=0,ALL|CP2|CP1|CP0|AP
1,SPSCBC2_8X_VL,TRACEDAT[5],TRACEDAT[5],TRACEDAT5,VIO_1,"1.8V,4.7K/20K",TRACEDAT5,O,IIS3CLK(G0),I/O/T,CP0_DSP_GPO7,O,GPIO237,I/O/T,,2/4/6/8,4,,"ie=1, oe=0, wpdo, fun_sel=3",ie=oe=0,ALL|CP2|CP1|CP0|AP
1,SPSCBC2_8X_VL,TRACEDAT[6],TRACEDAT[6],TRACEDAT6,VIO_1,"1.8V,4.7K/20K",TRACEDAT6,O,IIS3LRCK(G0),I/O/T,CP0_DSP_GPO8,O,GPIO238,I/O/T,,2/4/6/8,4,,"ie=1, oe=0, wpdo, fun_sel=3",ie=oe=0,ALL|CP2|CP1|CP0|AP
1,SPSCBC2_8X_VL,TRACEDAT[7],TRACEDAT[7],TRACEDAT7,VIO_1,"1.8V,4.7K/20K",TRACEDAT7,O,IIS3MCK(G0),I/O,CP0_DSP_GPO9,O,GPIO239,I/O/T,,2/4/6/8,4,,"ie=1, oe=0, wpdo, fun_sel=3",ie=oe=0,ALL|CP2|CP1|CP0|AP
1,SPSCBC2_8X_VL,U0TXD,U0TXD,U0TXD,VIO_1,"1.8V,4.7K/20K",U0TXD(G0),O,RFSDA2,I/O/T,,,GPIO10,I/O/T,,2/4/6/8,4,"ie=0, oe=1, 0","ie=0, oe=1, 1",ie=oe=0,ALL|CP2|CP1|CP0|AP
1,SPSCBC2_8X_VL,U0RXD,U0RXD,U0RXD,VIO_1,"1.8V,4.7K/20K",U0RXD(G0),I,RFSCK2,O/T,,,GPIO11,I/O/T,,2/4/6/8,4,,"ie=1, oe=0, wpu",ie=oe=0,ALL|CP2|CP1|CP0|AP
1,SPSCBC2_8X_VL,U0CTS,U0CTS,U0CTS,VIO_1,"1.8V,4.7K/20K",U0CTS,I,RFSEN2,O/T,,,GPIO12,I/O/T,,2/4/6/8,4,,"ie=1, oe=0, wpdo, fun_sel=3",ie=oe=0,ALL|CP2|CP1|CP0|AP
1,SPSCBC2_8X_VL,U0RTS,U0RTS,U0RTS,VIO_1,"1.8V,4.7K/20K",U0RTS,O,CP2_RFCTL2,O,,,GPIO13,I/O/T,,2/4/6/8,4,,"ie=1, oe=0, wpdo, fun_sel=3",ie=oe=0,ALL|CP2|CP1|CP0|AP
1,SPSCBC2_8X_VL,U1TXD,U1TXD,U1TXD,VIO_1,"1.8V,4.7K/20K",U1TXD,O,ORP_UTXD(G0),O,CP_ARM9_U1_U0TXD,O,GPIO14,I/O/T,,2/4/6/8,4,"ie=1, oe=0, wpu","ie=0, oe=1, 1",ie=oe=0,ALL|CP2|CP1|CP0|AP
1,SPSCBC2_8X_VL,U1RXD,U1RXD,U1RXD,VIO_1,"1.8V,4.7K/20K",U1RXD,I,ORP_URXD(G0),I,CP_ARM9_U1_U0RXD,I,GPIO15,I/O/T,,2/4/6/8,4,,"ie=1, oe=0, wpu",ie=oe=0,ALL|CP2|CP1|CP0|AP
1,SPSCBC2_8X_VL,U2TXD,U2TXD,U2TXD,VIO_1,"1.8V,4.7K/20K",U2TXD,O,ORP_UTXD(G1),O,CP_ARM9_U2_U0TXD,O,GPIO16,I/O/T,,2/4/6/8,4,,"ie=1, oe=0, wpdo, fun_sel=3",ie=oe=0,ALL|CP2|CP1|CP0|AP
1,SPSCBC2_8X_VL,U2RXD,U2RXD,U2RXD,VIO_1,"1.8V,4.7K/20K",U2RXD,I,ORP_URXD(G1),I,CP_ARM9_U2_U0RXD,I,GPIO17,I/O/T,,2/4/6/8,4,,"ie=1, oe=0, wpdo, fun_sel=3",ie=oe=0,ALL|CP2|CP1|CP0|AP
1,SPSCBC2_8X_VL,U3TXD,U3TXD,U3TXD,VIO_1,"1.8V,4.7K/20K",U3TXD(G0),O,,,,,GPIO18,I/O/T,,2/4/6/8,4,,"ie=1, oe=0, wpdo, fun_sel=3",ie=oe=0,ALL|CP2|CP1|CP0|AP
1,SPSCBC2_8X_VL,U3RXD,U3RXD,U3RXD,VIO_1,"1.8V,4.7K/20K",U3RXD(G0),I,,,,,GPIO19,I/O/T,,2/4/6/8,4,,"ie=1, oe=0, wpdo, fun_sel=3",ie=oe=0,ALL|CP2|CP1|CP0|AP
1,SPSCBC2_8X_VL,U3CTS,U3CTS,U3CTS,VIO_1,"1.8V,4.7K/20K",U3CTS,I,U3RXD(G1),I,,,GPIO20,I/O/T,,2/4/6/8,4,,"ie=1, oe=0, wpdo, fun_sel=3",ie=oe=0,ALL|CP2|CP1|CP0|AP
1,SPSCBC2_8X_VL,U3RTS,U3RTS,U3RTS,VIO_1,"1.8V,4.7K/20K",U3RTS,O,U3TXD(G1),O,,,GPIO21,I/O/T,,2/4/6/8,4,,"ie=1, oe=0, wpdo, fun_sel=3",ie=oe=0,ALL|CP2|CP1|CP0|AP
1,SPPDWUWSWCDG_V,CP2_RFCTL[0],CP2_RFCTL[0],CP2_RFCTL0,VIO_2_0,1.8K/4.7K/20K,CP2_RFCTL0,O,,,,,GPIO27,I/O/T,,4/6/8/10/12/14/16/18/20/22/24/26/28/30/32/34,6,,"ie=1, oe=0, wpdo, fun_sel=3",ie=oe=0,ALL|CP2|CP1|CP0|AP
1,SPPDWUWSWCDG_V,CP2_RFCTL[1],CP2_RFCTL[1],CP2_RFCTL1,VIO_2_0,1.8K/4.7K/20K,CP2_RFCTL1,O,,,,,GPIO28,I/O/T,,4/6/8/10/12/14/16/18/20/22/24/26/28/30/32/34,6,,"ie=1, oe=0, wpdo, fun_sel=3",ie=oe=0,ALL|CP2|CP1|CP0|AP
1,SPPDWUWSWCDG_V,CP2_RFCTL[2],CP2_RFCTL[2],CP2_RFCTL2,VIO_2_0,1.8K/4.7K/20K,CP2_RFCTL2,O,,,,,GPIO29,I/O/T,,4/6/8/10/12/14/16/18/20/22/24/26/28/30/32/34,6,,"ie=1, oe=0, wpdo, fun_sel=3",ie=oe=0,ALL|CP2|CP1|CP0|AP
